id,Borough
08f194ac0330b06303ad50aaed36423e,Croydon
08f194ac03c00db303bd545421abf1c9,Croydon
08f194ac0062324e0340e4219ab53747,Croydon
08f194ad9a509560037a80e96c91050e,Richmond upon Thames
08f194ad9a88518b03753325b5b7d413,Richmond upon Thames
08f195d36eca108903021141464831a3,Hounslow
08f195d36385a2750387b481969fafcb,Hillingdon
08f195d3627950500306f868bcfb9d8e,Hillingdon
08f195d362cf2502030b41a34fc1fcb9,Hillingdon
08f195d362cf50450317d5afa1e49a11,Hillingdon
08f195d362823762037c2c70d53c9b30,Hillingdon
08f195d36386604a03fddc4824e288e3,Hillingdon
08f195d360ce21ae030fefaa56c5f844,Hillingdon
08f195d36122bb4b03eba49932e30a9b,Hounslow
08f195d36c18888c030214d3f04a2f92,Hounslow
08f195d36d1a678903fe4bdb3af71bd5,Richmond upon Thames
08f195d36cba228e033bd7f61753e703,Hounslow
08f194ad9309094003d362cc9d4459cd,Richmond upon Thames
08f195d3654ca25603de822fde1e8312,Hillingdon
08f194ad92c1b82503f8561fec910337,Hounslow
08f195d36498295b0313266630dba5b9,Hillingdon
08f195d36491c58c0323e4b04df4eb19,Hillingdon
08f195daca2cc4c3034e68861f4ea743,Hillingdon
08f194ad921288e00382b72bff8beaac,Hounslow
08f194ad928d32b60345cd460da0eaad,Hounslow
08f194ad90cf5d14038eaa8bc2d3156c,Hounslow
08f194ad90c2d7520370a4898f62d940,Hounslow
08f195dac94b034403f364f1e9f96d43,Ealing
08f195dac94454510373b15b9920c817,Ealing
08f194ad94c0430003aafefec0946d43,Hounslow
08f195dadb8cc80603c50a95065ae068,Hillingdon
08f195dad9d1bc2e03d99a18d6531904,Hillingdon
08f195dadc3ab194039bfb99099d7bb0,Hillingdon
08f195dadeb05cb003232aee2f3b2e1e,Hillingdon
08f195dac3d906d3036c1176d3599262,Hillingdon
08f195daca05071b03a0981ac4c1e729,Hillingdon
08f195dacea4671003545fe80b10875f,Hillingdon
08f195dac9cf092c03ebda1086247529,Ealing
08f195dacd2eb103035372d1340ab463,Ealing
08f195dacd4c349103cef2b531b20f40,Ealing
08f195daccd6c374032d70681d1baa5f,Ealing
08f195dacc90555103aacd3ddcc7d25d,Ealing
08f195dac054679e03d330a44e0eb05b,Hillingdon
08f195dac0cc2ace0319843e9174f7aa,Hillingdon
08f195dac0cf60a90316abda4d8fce4c,Hillingdon
08f195dae3b9860803a7b8e746b1d7f7,Harrow
08f195dad5505b33038cb4c7d18b9536,Hillingdon
08f195dac6c75d9b03f6120901e3ebce,Hillingdon
08f195dae02f250b039e42b91ae37eaa,Harrow
08f194aca2b146ed033b2f435fbea72f,Kingston upon Thames
08f194ad98630b7203d446a64ccb7f58,Richmond upon Thames
08f194ad98781340036f5767c6a9489d,Richmond upon Thames
08f194ad9d44e77403efdcf77170898b,Kingston upon Thames
08f194ad9900a19b03d0881dc465879b,Kingston upon Thames
08f194ad99b9d030037b422fea7b5ee4,Kingston upon Thames
08f194ad99bb405603bf6e721770d192,Kingston upon Thames
08f194ad99881a6103a105719d9207c8,Kingston upon Thames
08f194ad9d6c960803bf6bcb783bf09f,Kingston upon Thames
08f194ad9d70e4c3036d09aa6db384e7,Kingston upon Thames
08f194ad9d44ec9603dcb039eb423a77,Kingston upon Thames
08f194ad9d45edb203ce387017283b3a,Kingston upon Thames
08f194ad9d54a2c9033ece184c37c173,Kingston upon Thames
08f194ad9dcc541903eeb0c3e15c7c77,Kingston upon Thames
08f194ad9d95d84203317e99c11adcec,Kingston upon Thames
08f194ac1410d18103ac5142b49bf81b,Sutton
08f194ac1485d94403fb1866a7250b78,Sutton
08f194ac14862d4e0324614ad1905966,Sutton
08f194ad8a86bcf403dd42225e98407e,Kingston upon Thames
08f194ad8c19309903b59ff6dc987c3d,Merton
08f194ad8c84540e03810c30d5a60c97,Merton
08f194ac3289bc8003908e04bedc6f7c,Sutton
08f194adabad4da8030c8019d761630c,Merton
08f194ad9eac1b2503b0e4451ff7076b,Richmond upon Thames
08f194ad9e8eda850382eab0a79f3f7b,Richmond upon Thames
08f194ad9c01a65603ee760f53769ff5,Richmond upon Thames
08f194ad9caaec6d034c1612afd16ee4,Richmond upon Thames
08f194ad9cccec53033dad0f69ec87cd,Richmond upon Thames
08f194ad9cc83700033d8caba7c569b5,Richmond upon Thames
08f194ad91b8e73303849b701273c3a0,Richmond upon Thames
08f194ad91b3158303b42587d85527d3,Richmond upon Thames
08f194ad8249ccf303ce8cacb70b29f2,Richmond upon Thames
08f194ad8249938903fb707d5f432809,Richmond upon Thames
08f194ad824a876a03085f658804b74d,Richmond upon Thames
08f194ad82495ca40330aa4052fbf070,Richmond upon Thames
08f194ad82509280039365dadbe8a2f6,Richmond upon Thames
08f194ad82c8252a033323c2750ea69c,Richmond upon Thames
08f194ad82d3592d0346d7aed02a8b10,Richmond upon Thames
08f194ad9dd90240031aa193f8169a22,Kingston upon Thames
08f194ad8215288003f24ea4f0ebde4f,Richmond upon Thames
08f194ad82ba9bb403fd91be8bd042de,Richmond upon Thames
08f194ad82830672034e9a61c940f7ad,Richmond upon Thames
08f194ad8296686a0319f79f69178bbc,Richmond upon Thames
08f194ad8629d10303d093e3c606780e,Richmond upon Thames
08f194ad9400d7b303b36eca30a98ed6,Hounslow
08f194ad951186ad0310947387162114,Hounslow
08f194ad95a7575203802a97185045cd,Richmond upon Thames
08f194ad95b4b7510315a4f39ff2f69a,Richmond upon Thames
08f194ad95b490c50378a7d20570a4bc,Richmond upon Thames
08f194ad866b34d10377a239e5cbb342,Richmond upon Thames
08f194ad95d6d4420344ec78fef952ab,Hounslow
08f194adb3234000033e302bf640ad08,Hounslow
08f194adb2161065033c1d1ef38302d6,Ealing
08f194adb342a906038a172b7ba8b171,Hounslow
08f194adb3c24b53035fc342aa24f244,Hounslow
08f194adb07b24c4034a427d83566555,Ealing
08f194ad8671b49503d4c980969a0487,Richmond upon Thames
08f194ad8662035303da6db95363283d,Richmond upon Thames
08f194ad8670a8dd03406b326492bde5,Richmond upon Thames
08f194ad86c80bb50368a4dac6e8199d,Richmond upon Thames
08f194ad86d70cb603417c0b072a4cb5,Richmond upon Thames
08f194ad86d70cb603b2b0d1ad9ff49d,Richmond upon Thames
08f194ad86d76a4e033ee5b9b87b79dc,Richmond upon Thames
08f194adb161d26003576c97ed0e38b2,Richmond upon Thames
08f194adb170a68d0395053420501744,Richmond upon Thames
08f194adb17463ac03cb3a6aae13d8c6,Richmond upon Thames
08f194adb1224b990369d736b48a0342,Richmond upon Thames
08f194adb104c6490339dc20b8264940,Richmond upon Thames
08f194adb1a8850e03749a0ac6107892,Hounslow
08f194adb392902b03b435ce75ec8564,Hounslow
08f194adb02d8c7303e3895b57a2bbfe,Hounslow
08f194adb02d9cf30341163e395b4b32,Hounslow
08f194adb14616e003dfcf96be980adb,Richmond upon Thames
08f194adb14262f4039e3a3170d56bda,Hounslow
08f194adb1c5271203940d39c1852b81,Hounslow
08f194adb115214e039f290a7ec7d084,Hounslow
08f194adb1b938c203aa7d3c656f7469,Hounslow
08f194ada25a354c03f3d5b26fdec447,Hounslow
08f194adb57228ea0308b8710ac05777,Ealing
08f194adb509b9860353d0aa03e33c24,Ealing
08f194adb52f6c2d03e0de6bb24bfff4,Hounslow
08f194adb5351696033465b8b3dac1d0,Ealing
08f194adb505479b03aef3d90ec3ac4f,Ealing
08f194ad8191d0f103d23f2214adcf34,Wandsworth
08f194adaa6002d203b7b1f150f4aba4,Merton
08f194adaa76d18d031057141e1c3792,Merton
08f194ad85d2b0f50377faea8d55fc5d,Wandsworth
08f194adaad56903031381a768139e87,Wandsworth
08f194adae791c5d035bd792c8211ede,Wandsworth
08f194ad8515266c0368decd2bd0effc,Wandsworth
08f194adab51c01c0351b38a6e3503be,Merton
08f194adabca98ac0322f017dab980d0,Merton
08f194ada869b0c4038d3db32edbb7ec,Merton
08f194adaa8d4a720323f003e7d22924,Merton
08f194ada81725b203a11d155e491c83,Wandsworth
08f194ada8b327b10314f0e80c87870b,Wandsworth
08f194adaed73760035703a144979d0b,Wandsworth
08f194adac4f4b1c033eca1d0f6de577,Wandsworth
08f194adae95d0d9038f2161a4385d17,Wandsworth
08f194adac5b394603eaa27d3b6d6224,Wandsworth
08f194adac10274d033cfcea1c054f1a,Wandsworth
08f194ad84a8d47103c46bc4ac275c5c,Wandsworth
08f194ad8482c264034cc280bca4e742,Richmond upon Thames
08f194ada27a455d03481c977cd6e337,Hounslow
08f194ada2714b8303f5c1e5aaa84c89,Hounslow
08f194ada20a600603c7d96ee30ff098,Hounslow
08f194adb524d0cc033835b00df15de8,Hounslow
08f194ada20c3652033e2315d3c0c64e,Hounslow
08f194ada201498e03ae02f0889e428d,Hounslow
08f194ada285655a03ae7e2f2925d8b5,Hammersmith and Fulham
08f194ada60d37a803fbb13fd1f8d453,Hammersmith and Fulham
08f194ada2b6351b0378cb46c4b7b937,Richmond upon Thames
08f194ada286475e031c28e7e2e52b03,Hammersmith and Fulham
08f194ada0cc32300319d967ab80231b,Hammersmith and Fulham
08f194ada29296d8035a8fb6592d16f5,Hammersmith and Fulham
08f194ada624cb240359713b67ce5930,Hammersmith and Fulham
08f194ada0c9dc1203ffe002a0d67820,Hammersmith and Fulham
08f194ada0d99dae037305bb837ad600,Hammersmith and Fulham
08f194ada0da810d0304fb2906c96158,Hammersmith and Fulham
08f194ada14ce0150357b0bd0d4dcc7b,Hammersmith and Fulham
08f194ada17b5a6003866acb1b60ed73,Hammersmith and Fulham
08f194adae924d2c033f18b0605c9649,Wandsworth
08f194ada1712c54036df0808d4685ab,Hammersmith and Fulham
08f194ada10021a003a2dcb9f2b72571,Hammersmith and Fulham
08f194ada1c40145032e615b77f010cd,Hammersmith and Fulham
08f194ada1d058e803193e3caacf1fc4,Hammersmith and Fulham
08f194adaccb3880036354e64e86f0e6,Wandsworth
08f194ada13a058e03a9153ea1919d8f,Hammersmith and Fulham
08f194ada13307860313b4a7e32e50f0,Hammersmith and Fulham
08f194ada1a902c003e3731020653881,Hammersmith and Fulham
08f194adacd943ab03d002e73346a8aa,Wandsworth
08f194adacdb38b203b3ba110a2286a6,Wandsworth
08f194ad126b6d8c034d7bb193430e0c,Wandsworth
08f194ad12792c520305393055455cfb,Wandsworth
08f194ada1b6579c030f63e61cca1737,Wandsworth
08f194ada56d0aab03b0e4f62a619868,Hammersmith and Fulham
08f194ada191e1ad031f6e1ac13cc731,Hammersmith and Fulham
08f194ada56cd4eb03aa5e2eba495304,Hammersmith and Fulham
08f194ada194aa8503354a93c5bf23b0,Hammersmith and Fulham
08f194ada194b95c03192541b31ca504,Hammersmith and Fulham
08f194ada194617503324270d1582508,Hammersmith and Fulham
08f194ad124e10f003a2c67d6861f7e0,Wandsworth
08f194ad1240b85c0364f8d77af99bfd,Wandsworth
08f194ada525a491038c9ffee075278b,Kensington and Chelsea
08f194ada52ab6dd039dcd520b818ab4,Kensington and Chelsea
08f194ada03236cd03a58caf30972303,Hammersmith and Fulham
08f194ada0aa3a0c03bdec71fc900253,Hammersmith and Fulham
08f194ada0870c8203993f9d26c6d6cb,Hammersmith and Fulham
08f194ada549a8a9030220ad041bb776,Hammersmith and Fulham
08f194ada09149240373a25a3bfece2b,Hammersmith and Fulham
08f194ada09030cc03116ada8cc2babb,Hammersmith and Fulham
08f194ada471838003d2b1bcf37d8021,Kensington and Chelsea
08f194ada40cb49e038b77bcb8bd028d,Kensington and Chelsea
08f194ada092dc0503fa4eb46e5c1972,Kensington and Chelsea
08f194ada42dcc430305e40e75bc63b0,Kensington and Chelsea
08f194ada5595c5b0344fee1ca0d96e7,Kensington and Chelsea
08f194ada55152a903e56a3b815d316e,Kensington and Chelsea
08f194ada55a038903526a684560859c,Kensington and Chelsea
08f194ada551421203ef3c38a61cc05d,Kensington and Chelsea
08f194ada4059a33032a4b83605b49f3,Kensington and Chelsea
08f194ada42352ea034df0bb3752d3dc,Kensington and Chelsea
08f194ada4358c8e03fe26f80388f294,Kensington and Chelsea
08f194ada435687303d0424adee1eb82,Kensington and Chelsea
08f194ada4340a7303c748bedbd59648,Kensington and Chelsea
08f194ada4314975033d766187e01fb9,Kensington and Chelsea
08f194ada501a493031f7a47738451db,Kensington and Chelsea
08f194ada509525c03b7898bc2b41d66,Kensington and Chelsea
08f194ada508285903e33c5becf0d14c,Kensington and Chelsea
08f194ada50a40c503fff46ecff2089e,Kensington and Chelsea
08f194ada52319480398424503a9eea4,Kensington and Chelsea
08f194ada511864003f98f5915e9f66f,Kensington and Chelsea
08f194ada510ed5a03a97c9aba5c4edc,Kensington and Chelsea
08f194ada5534a150316598340a0d1f7,Kensington and Chelsea
08f194ada5ce1b5a0319200a57f74f15,Kensington and Chelsea
08f194ada5d0839e03c2953ae78c53be,Kensington and Chelsea
08f194ada436b8cc03318034bc6219e6,Kensington and Chelsea
08f194ada5d9ed2c03c3333bc92288f2,Kensington and Chelsea
08f194ada4a4ad2203b648c5316f07bb,Kensington and Chelsea
08f194ada4b6b6ab0398500cc573ac9c,Kensington and Chelsea
08f194ada4a6238103e4ebd3b7b164a4,Kensington and Chelsea
08f195da4b6832ed032b52ec60e9146f,Kensington and Chelsea
08f195da4b69632a03a307bced907c53,Kensington and Chelsea
08f194ada589cc4a03d331881d4ee2f4,Kensington and Chelsea
08f194ada588b42b03b7c6dfc0d5b54c,Kensington and Chelsea
08f194ada58b1a1b0369dd57e93e7459,Kensington and Chelsea
08f194ada58b2d2d0382931986298c76,Kensington and Chelsea
08f194ada5872a8b03cd074bf44fc616,Kensington and Chelsea
08f194ada5872a8b03002fcc6d1bb1c1,Kensington and Chelsea
08f194ada587302b039506ae30383542,Kensington and Chelsea
08f194ada5901c08035784dc8a6ad800,Kensington and Chelsea
08f195da4b6c265003227dc347d4024e,Kensington and Chelsea
08f195da4b653a1d03a5132092ebab4d,Kensington and Chelsea
08f195da4b6ab44a0391384c9e00ecb5,Kensington and Chelsea
08f195da4b29496903ec1101f2319bb0,Westminster
08f195da4b7410500360d1eafd773bff,Westminster
08f194ac33394b8503e9b60905dff6db,Sutton
08f194ac3178c05203803e03500708f6,Sutton
08f194ac3022d54603e18d84f98da2c6,Sutton
08f194ac31c80a2b03ac1cb12f16b643,Sutton
08f194ac318c369103a57bae8012b1d7,Sutton
08f194ac31890ab50390defc73f33ee0,Sutton
08f194ac04395855037e2e1aaf75a506,Croydon
08f194ac226abc5e03c6cba3c9943f60,Croydon
08f194ac228068f60338bec4f2c3023d,Croydon
08f194ac229ac285036317d537ef068a,Croydon
08f194ac2280397103c6cbf9a6ff2667,Croydon
08f194ac30120c5803d9dba4b576afc4,Sutton
08f194ac36922574033a450aaa2a4989,Merton
08f194ada92c095803ebf12e40dfdaa9,Merton
08f194ac34ce34d30396f8c66ebc3c10,Merton
08f194ac34a22d3103c1b9e98842c4fc,Merton
08f194ac22d93a880330bf7146a0e9d0,Croydon
08f194ac35365c6e03cb3c4715ddfa6b,Croydon
08f194ac22d18c74032363cd1b43380e,Croydon
08f194ad1b2a4a180380cd0239693b56,Croydon
08f194ac266c2480035a740ca64cced7,Croydon
08f194ac262abc0e036b3500a73e9f2d,Croydon
08f194ac2676dd28030931ad0b09ae47,Croydon
08f194ac26764d3503a88f00ac53768c,Croydon
08f194ac2672ca4c032058795ff29638,Croydon
08f194ac260a3c4303f8c00820f09dd0,Croydon
08f194ac260e4a61030d29f2a7dc85c0,Croydon
08f194ac263a116c038e0b1d05ca0880,Croydon
08f194ad1bb92789036d011126b3f86c,Croydon
08f194ad195181540367acf761fc3400,Croydon
08f194ac213453ac03471e17bb8c1d2b,Croydon
08f194ad0ac8b4c20389deb4193d61e2,Bromley
08f194ad0b8e82f003d088e0de49aabe,Bromley
08f194ad56d9932c03f45668a705d176,Bromley
08f194adadd4885903315c0d88483d37,Wandsworth
08f194adac15452303856c3ffcea76d2,Wandsworth
08f194ad137aadb3030d5603cf93deea,Wandsworth
08f194ad130f68aa0300aa023df2f71d,Wandsworth
08f194ad1312180e035fc541dc8569cd,Lambeth
08f194ad1a8192ec0329fc73067cd364,Lambeth
08f194ad1e01b56203f98be66b081c59,Lambeth
08f194ad1e0a101a03cd97b1787c892d,Lambeth
08f194ad1ead5125035e1ae944f1df88,Lambeth
08f194ad18d5b0c9036a5ea045ade341,Lambeth
08f194ad1811466a038b52c9525105e5,Croydon
08f194ad1899d42903fa4b21d2a327cc,Lambeth
08f194ad18b2182e03b2a92531a23b16,Lambeth
08f194ad1c6889940377c11aa0d2bc2c,Lambeth
08f194ad1168a974039584b9bab16296,Lambeth
08f194ad116dc8e9031125c6e6a1973e,Lambeth
08f194ad13b6315403c75a2e2c607b9f,Lambeth
08f194ad1150c08203a9d5fdb60c891c,Lambeth
08f194ad111b4da403c937b71170de53,Lambeth
08f194ad1101086b03adfada799001f3,Lambeth
08f194ad11a0ed06039bf0750b9151e4,Southwark
08f194ad11b8dd2b0330ddd9c39706de,Lambeth
08f194adac9ac27503c418130350e105,Wandsworth
08f194ad12750842038cae1d5c578372,Wandsworth
08f194ad1246a2d203f975e8faedad8a,Wandsworth
08f194ad120aa98003fbd3e3f8b6e03a,Wandsworth
08f194ad120b546303c4d031e3797e6d,Wandsworth
08f194ad125210960342dd22cb908ae2,Wandsworth
08f194ad12d4070203b50c5006078498,Wandsworth
08f194ad128d215803fdf330ea9ca818,Wandsworth
08f194ad1284cab1033778e60386086b,Wandsworth
08f194ad13d25d3603f08a70228973a2,Lambeth
08f194ad1068adaa03a0084966337d46,Lambeth
08f194ad1390b6cd03fe73b0d49348eb,Lambeth
08f194ad107028910386128b76865d1f,Lambeth
08f194ad1049940003ad8a4987067ec6,Wandsworth
08f194ad104a5b93037451891d684531,Wandsworth
08f194ad105a956403dc4a4958a7cda1,Wandsworth
08f194ad10c20923038317a596cf496a,Wandsworth
08f194ad10c546cd03bc24b08cdc5d0c,Wandsworth
08f194ad10d450d1031ee006bb4a1694,Wandsworth
08f194ad12d9009403e9b01e0529db6b,Kensington and Chelsea
08f194ada5ae3610035d280279c6ec75,Kensington and Chelsea
08f194ad12da2704035093d498891242,Kensington and Chelsea
08f194ada5b5890003dda88be81b3059,Kensington and Chelsea
08f194ada5a6869d03269aa9ffbcda11,Kensington and Chelsea
08f194ad166a3b6a03c2131e78f512d7,Kensington and Chelsea
08f194ad166a1740032d4c21cc8ea993,Kensington and Chelsea
08f194ada5a04d7003c6a489bec9c38a,Kensington and Chelsea
08f194ada5b45ca20370e9adce6583f0,Kensington and Chelsea
08f194ada5b642e0035439ca96fc975c,Kensington and Chelsea
08f194ad164de18d0318e4d04780d430,Kensington and Chelsea
08f194ad164a3a2b03a8708781c07525,Kensington and Chelsea
08f194ad1641e2080347ebe7543d5904,Kensington and Chelsea
08f194ad1640278a03f32edab33e17c3,Kensington and Chelsea
08f194ad16621b81037e6ff52d694747,Kensington and Chelsea
08f194ad1645d6eb03d30f8d82089707,Kensington and Chelsea
08f194ad1655a35b03c73f6209ec22bf,Kensington and Chelsea
08f194ad16070aad03a508ee248e4f1f,Westminster
08f194ad160b2ae603642b79956aeea6,Kensington and Chelsea
08f194ad16183b21032e882fe3746811,Kensington and Chelsea
08f194ad161aa56a0395cf94e4732e90,Kensington and Chelsea
08f194ad164a5b1a03a7c05306d8396a,Kensington and Chelsea
08f194ad1641575603505e5b05de1c9b,Kensington and Chelsea
08f195da4b285b4c038e2069fbb6f7a3,Westminster
08f194ad165086e803af71571c44b984,Kensington and Chelsea
08f194ad16cd1252032a8bbcd8f363e8,Kensington and Chelsea
08f194ad16cb5b9603a31bb1a67830c0,Kensington and Chelsea
08f194ad16cb5d3203bc602d73a05c27,Kensington and Chelsea
08f194ad16d8382c035c2737f0952569,Kensington and Chelsea
08f195da4b365015039177fc7b61285e,Westminster
08f194ad16d0a68b039225aefb8888c1,Westminster
08f194ad162764d203ef1ab2d82ef18b,Wandsworth
08f194ad1605dbab03c9ba6f46451cf2,Westminster
08f194ad1604dd2903a831d962cee711,Westminster
08f194ad163425b30380ddd399815552,Wandsworth
08f194ad1604326403a468f74cf79318,Westminster
08f194ad160680630346cd5d48093d47,Westminster
08f194ad161442a503e0fcbbd3d1ea14,Westminster
08f194ad10d1b0560359104b414ac6d6,Wandsworth
08f194ad10d7075b037d6ba3a6c6b556,Wandsworth
08f194ad14692aa203cb16553720d86d,Westminster
08f194ad146ad9930337922ee6fd2131,Westminster
08f194ad146124730392c7ada7164410,Westminster
08f194ad144cbb430316e08149f56a41,Westminster
08f194ad144e935d03b1c8367f03d828,Westminster
08f194ad16111223034e0beb777f4c2f,Westminster
08f194ad1680991003f578c9cde55db8,Westminster
08f195da496e4cca03747298252815fc,Westminster
08f195da4967241b03fe8b3293ea4938,Westminster
08f195da492d161a0390e4c358b7870d,Westminster
08f194ad1684e96a0331bbe642e204bf,Westminster
08f194ad1684cb0103c4946fa72e7446,Westminster
08f194ad144ab6030398a5376d231cca,Westminster
08f194ad16951aad03e3446df5f63efd,Westminster
08f194ad145b3c49034938593221bf5a,Westminster
08f194ad1440485803dbbb6bfb3bd5da,Westminster
08f194ad14500c6803c500058855090f,Westminster
08f194ad14514da50390182c3fe474c9,Westminster
08f195da4928b88803f184c41ec84649,Westminster
08f195da492a938403ebf090fcc2068c,Westminster
08f195da492a938403e5be29ac4ca8e9,Westminster
08f195da492e0998030a4178d8486771,Westminster
08f195da4924ea160391a9b0f90c2345,Westminster
08f195da49212960039e5fd04e47bcb6,Westminster
08f194ad115b4403034bf83b554cf623,Lambeth
08f194ad103426a2032d76b620a34a4d,Lambeth
08f194ad10335a5203e55d0d838e2edc,Lambeth
08f194ad11cf0b1c03b699a09da2dc4c,Lambeth
08f194ad11d5b48d038410bc8aac229b,Lambeth
08f194ad11c29d900307ba594599cc2a,Lambeth
08f194ad10a4248003fd5c1a82ebbe2e,Lambeth
08f194ad156a46c3031e08d2d84287c4,Lambeth
08f194ad10a363a103ea09e800884de4,Lambeth
08f194ad10d5ece103ca61638be1c776,Wandsworth
08f194ad1098a0ea035b13c7a477047e,Lambeth
08f194ad154f1754031c6e3db9a7f389,Lambeth
08f194ad15476cd1032bc2df16e30c9e,Lambeth
08f194ad142cc38e033d3ab1ad88bd01,Lambeth
08f194ad156098ec0351c0abbba62455,Lambeth
08f194ad152ea52903eed2de0aed9117,Lambeth
08f194ad1526b31e033f7a8183adee29,Lambeth
08f194ad1099695d033a7dbb58c9cc72,Wandsworth
08f194ad147416d5038657f4ebf9c600,Lambeth
08f194ad1466c6d10385412cd108d937,Lambeth
08f194ad1438619d0322e8363f0ec0c4,Lambeth
08f194ad146354300372692b9a200b6c,Westminster
08f194ad1471a0f1033b497e080b6f0a,Westminster
08f194ad1471ab410361e29a0ba3d845,Westminster
08f194ad147030dc03cdd17721e5ec68,Westminster
08f194ad1446d4e803049c2fcbe43444,Westminster
08f194ad1446a21503e02c937b94cfd3,Westminster
08f194ad1454b4e30388990c55a9e727,Westminster
08f194ad14085426039516be3a04f416,Westminster
08f194ad140e628b0304e79fdf3b0056,Lambeth
08f194ad14031360032833daa8a9c6d4,Lambeth
08f194ad1438eb9c03182b43ce26af41,Lambeth
08f194ad14acb74a03dde42b8d41f13c,Lambeth
08f194ad14ade84803b21ce3ef4dea6f,Lambeth
08f194ad1407179603948e1fbdc4298e,Lambeth
08f194ad140b045c03eb7ca78e7859de,Westminster
08f194ad1456218803de3a67af08898c,Westminster
08f194ad1456655a0390e83d257e14f8,Westminster
08f194ad14cd1b2a03ebe851cdf53a75,Westminster
08f194ad1419c2d3032a4094d958b621,Westminster
08f194ad14ca8cad038d25854fea1f71,Westminster
08f194ad14c564b403be2800f38ecfa8,Westminster
08f194ad14cae311039bc80597d3a3b8,Westminster
08f194ad14cf47b0037f0360e3cb28fe,Westminster
08f194ad14c106aa03418cc48afc0a10,Westminster
08f194ad14c1631b03a34df2c64d29dc,Westminster
08f194ad14ca4829033a71c373952443,Westminster
08f194ad14c330530326bcc682fa5302,Westminster
08f194ad14c0250003baaba7c505cf29,Westminster
08f194ad14c33ba903de69d001b5233a,Westminster
08f194ad14c30113036065c003d0da8e,Westminster
08f194ad14c3695d03450b29139a5e30,Westminster
08f194ad14da8cc203b60ec75766afdf,Westminster
08f194ad14da092a03c55ee392f2ad49,Westminster
08f194ad14c010a303f82d642cc15bce,Westminster
08f194ad14c0d11e03521044af00b2fc,Westminster
08f194ad14c2bdaa039b9f8243eaa8e9,Westminster
08f194ad14c2aaec033ce98d700b76f9,Westminster
08f194ad14c00a3303a59f524875bf75,Westminster
08f194ad14c2b524032d681aab3d1f69,Westminster
08f194ad14d0ba4e03e6b4e6e1acc586,Westminster
08f194ad14d227520325bb4efa93e7b1,Westminster
08f194ad1498961803918ecb78fa1453,Lambeth
08f194ad326cc21503439aed5668d8d6,Lambeth
08f194ad326c4cdc030659534bf94503,Lambeth
08f194ad326e023403d682283fa16bd6,Lambeth
08f194ad1490a0a60306c03784b42c3c,Lambeth
08f194ad149545610364208594743fe9,Lambeth
08f194ad1492998e0334def994057937,Lambeth
08f194ad3228161d037e94ac855df197,Lambeth
08f194ad15c24c7103c2ac79a26b3bee,Southwark
08f194ad14b5088103b625f5570fcf1e,Lambeth
08f194ad14b0a0ab03f9f89a0a448da6,Lambeth
08f194ad336956c003760b1b1047987d,Southwark
08f194ad159a04c4033279aa1d25f043,Southwark
08f194ad333940920397a3e84c75298a,Southwark
08f194ad334e1b50033a8fa4058c548a,Southwark
08f194ad3345e8d5037cf7f48e061e4e,Southwark
08f194ad334063a103287d22e1170a1e,Southwark
08f194ad33552a3603ad3c7c02f5cd15,Southwark
08f194ad3350bd94034701036d2592ad,Southwark
08f194ad3350d6d903726a5d9bb06ceb,Southwark
08f194ad33594388036c45ae57eeccf6,Southwark
08f194ad335b58ea03660c344eab9d2c,Southwark
08f194ad3225e2c9035596105ca8fdb1,Southwark
08f194ad322a182903d2389a657c7917,Lambeth
08f194ad3226e6cb0354d41a3935c8b9,Southwark
08f194ad33c9c15303cea8b31598a9a0,Southwark
08f194ad32272140032e72f3dfedaa10,Southwark
08f194ad32262a240377542849c4cf57,Southwark
08f194ad3226508a03ad0526b753affb,Southwark
08f194ad335586cb03a055b695f998a5,Southwark
08f194ad33c8c01d0327aaef886a3935,Southwark
08f194ad33cc285503d93195af01fecb,Southwark
08f194ad33c6621b03cff9aaa23dd960,Southwark
08f194ad33c21205033a4ca53f543e00,Southwark
08f194ad33c2236003e9a50fe5b6d375,Southwark
08f194ad33d02a8b034884577dbb771c,Southwark
08f194ad1d4d27b0037669b89848b2ab,Lambeth
08f194ad1d03535b032469e0bc412ea3,Bromley
08f194ad1d568276037e8dacb7450455,Bromley
08f194ad1d1ab3710384ce7e02fbfb44,Bromley
08f194ad1c2501a8034f397fa08b66d4,Lambeth
08f194ad1cb6b68b03297a298e3a7474,Southwark
08f194ad1dab388603abd8bb26ff0c03,Bromley
08f194ad1db04d4d0328dcf91c569b2e,Bromley
08f194ad1c819da203f99f4006a0018e,Southwark
08f194ad1c8a078003224d416c3ec6d6,Southwark
08f194ad0352dcea039dc4b2907d9322,Southwark
08f194ad0274b10c0373646f276f2a99,Southwark
08f194ad02ada394032d999808e4d4d9,Southwark
08f194ad006610ea03a8d2d7427fcaf9,Southwark
08f194ad0eade100030cd6053d85f3b0,Bromley
08f194ad0cc8464103e7041b783490dc,Lewisham
08f194ad01532934035236f29d852403,Lewisham
08f194ad018acb36035fe7373b9d8f19,Lewisham
08f194ad2ac8b108031e5b8f77ab6c05,Lewisham
08f194ad0679479e03943cc215810b21,Southwark
08f194ad06735d0003662e816c626755,Southwark
08f194ad00cb6ccb03e9aa4d2fc5dd95,Southwark
08f194ad0461a38103d14e61f3c71606,Lewisham
08f194ad06a916a8034aaa163ccb868c,Southwark
08f194ad06a4692b0330998427085f17,Southwark
08f194ad047ad845030b1d2e9dc329c0,Lewisham
08f194ad3320097403f0d81c35360fc4,Southwark
08f194ad33ab3a9d03b4923724034a1e,Southwark
08f194ad33aeecc603f5934ad691bc50,Southwark
08f194ad317a312d03d81081ed53d587,Southwark
08f194ad3316944003808b45a96b1c29,Southwark
08f194ad33169a8303562837f88d5c49,Southwark
08f194ad338dc5b1033071f33ab4b640,Southwark
08f194ad3388d76a03a37a1232243049,Southwark
08f194ad338c256603d3a03ae103504f,Southwark
08f194ad339a3a4903b0af6c39b04eb6,Southwark
08f194ad33835d8003aed46e3e4af3f5,Southwark
08f194ad3394543103b42981c8b16dd1,Southwark
08f194ad33950b9403506bd9f0d4bcd7,Southwark
08f194ad3390d72903f24e62ce3ce607,Southwark
08f194ad302cb551033f848fa75ae36d,Southwark
08f194ad314a3ab603bdc71e72676cf2,Southwark
08f194ad3140192a0374764bba41ec2f,Southwark
08f194ad315a2311034d61c0a1f51d86,Southwark
08f194ad30251013037eeb255e43fc88,Southwark
08f194ad30219a450346c82286b7b7d2,Southwark
08f194ad30242c8803cca783e2bb3ea5,Southwark
08f194ad3152352003c7c0e825da4414,Southwark
08f194ad302433090303cc4767f814bb,Southwark
08f194ad316ccd4603772413e5fa7610,Southwark
08f194ad0692196403aac3b0a7a637ff,Southwark
08f194ad317226ed03971e40fbd2d76f,Southwark
08f194ad3131da40032ad88f5eb74ccc,Lewisham
08f194ad04d8040603c6337fb40d2fd5,Lewisham
08f194ad31d8b282033f790a7ba4acac,Tower Hamlets
08f194ad31c06513035210838a8df540,Tower Hamlets
08f194ad311a05330316ad4817401f79,Southwark
08f194ad31c4654803c3a080087dec8e,Southwark
08f194ad31c424430365fa61a482946a,Southwark
08f194ad3189416903d34d0112f3d4d9,Southwark
08f194ad31d732ce03569b92757a12b0,Tower Hamlets
08f194ad31859d46038d74d4a8a3249e,Southwark
08f194ad318e4d49034981edea9ff65d,Southwark
08f194ad318a6c8a038f97a58082fdc7,Southwark
08f194ad318e5b5403f2e5146f47133d,Southwark
08f194ad31844ce503d2adaf753f85a4,Southwark
08f194ad31915a71037e7d6abed27a19,Southwark
08f194ad0558996a03cf5e7fbb089cbc,Lewisham
08f194ad05d816c003c7c221d8e437a5,Lewisham
08f194ad040738b3033c4ebcf3db5d0d,Lewisham
08f194ad04ba390003e9282967fc6ee7,Lewisham
08f194ad04860b4203f93b76c5bf8958,Greenwich
08f194ad0589a699031b668202140635,Lewisham
08f194ad058806c303cad5801df307e6,Lewisham
08f194ad058818910379c44f1ac4e98b,Lewisham
08f194ad05da5ac003ecf81d192e05b6,Lewisham
08f194ad2366c03203e6236a73af3adc,Lewisham
08f194ad04a41c5903979456f667e81d,Lewisham
08f194ad04a49c9903ec7dd671d33dce,Lewisham
08f194ad2362ece003fc97232b5fd03b,Greenwich
08f194ad23489893037397022d048ce5,Lewisham
08f194ad234a16da033a6ad726d2e654,Greenwich
08f194ad234020d20301475005443182,Greenwich
08f194ad2338c954033c1c8a21ed1bb4,Greenwich
08f194ad233aa85503e8de537e23d98b,Greenwich
08f194ad2309b58a03a77bebb78e1930,Greenwich
08f194ad23074b0403b2e109bcf909a6,Greenwich
08f194ad2315b48e03763f0fb2afab0c,Greenwich
08f194ad2315bac80399b834842ca8c0,Greenwich
08f194ad2311eb650317bb99b517f295,Greenwich
08f194ad22693bb3034c564543819a11,Lewisham
08f194ad22691291030a2dea2c147d51,Lewisham
08f194ad226b345203da4590dde3da1b,Lewisham
08f194ad226f565603cb1e044d26cad4,Lewisham
08f194ad2268648b03821845ff28cb5b,Lewisham
08f194ad226b5a0203b21806f9e56386,Lewisham
08f194ad2278ad5b03ca078ebd402b27,Lewisham
08f194ad222db0dc03445b1fe97cb2cf,Greenwich
08f194ad222dbcf6033cf0af8ad8f673,Greenwich
08f194ad2262ad68031d156800f571a7,Lewisham
08f194ad2262018603fba7fafa079260,Lewisham
08f194ad22391d32030d9c859c448e61,Tower Hamlets
08f194ad22396813037b9b6d7837f6ff,Tower Hamlets
08f194ad31b6c6b103c86ae20ded2596,Southwark
08f194ad224e812e039c9128a5e2ca37,Southwark
08f194ad22444c21034f65736aada235,Southwark
08f194ad2246200503e7508e14f3cb30,Southwark
08f194ad2255a4090392051725e8d87e,Southwark
08f194ad22582b02030b4d837a826cdb,Southwark
08f194ad2252c74303b990138f432369,Southwark
08f194ad22c8e050030d1a77344d4276,Southwark
08f194ad2201e4d2038e07237cb88c6e,Tower Hamlets
08f194ad221ab09b03ab5fb10cdaf9b2,Tower Hamlets
08f194ad2203374a030e2c5f18ad5d91,Tower Hamlets
08f194ad22c8931e0305327e194e4b2c,Southwark
08f194ad221a3d9a03ddc831b498eab3,Tower Hamlets
08f194ad22c4a981038e8734d639b86c,Tower Hamlets
08f194ad22c51ad503e9a588e6ec8e00,Tower Hamlets
08f194ad22c44c5d03fe29d7d50f2b07,Tower Hamlets
08f194ad22c61399036e7fe1ae87728a,Tower Hamlets
08f194ad234a6180038fb1303d55a9b3,Greenwich
08f194ad2359947103782d7c11592d49,Greenwich
08f194ad235830d303c11b5ed8d2519c,Greenwich
08f194ad235a9a4303eaa461e6c92f0f,Greenwich
08f194ad2220a7b403cedf5f30cb5498,Tower Hamlets
08f194ad23ccdab403994aca96248cd2,Greenwich
08f194ad23104bac0389341c6d79d455,Greenwich
08f194ad23c5c41b039f5f1e2df40306,Greenwich
08f194ad2319271403d392f470c57de9,Greenwich
08f194ad23c42b8303cf78fd78d82ecb,Greenwich
08f194ad23cce42403a861dc3e937e8a,Tower Hamlets
08f194ad23d2b69003e2289400d756d7,Tower Hamlets
08f194ad22162cd8031143ea10340c28,Tower Hamlets
08f194ad22166b31035aa45cb9d5018d,Tower Hamlets
08f194ad22ba27a60328dbfcab7a08c6,Tower Hamlets
08f194ad228daa15038a68f105c64e3c,Tower Hamlets
08f194ad228d885b031fc8d9b8c61426,Tower Hamlets
08f194ad22125915038f176140f41bbd,Tower Hamlets
08f194ad2288e85b036456b74acd3972,Tower Hamlets
08f194ad228c34700337f1dcd6efb072,Tower Hamlets
08f194ad2079e05a032ef280f730b8b3,Tower Hamlets
08f194ad204a380403d1937a5b9b5ba4,Tower Hamlets
08f195dacd25c765031294a70d5cc75e,Ealing
08f194adb2d50551036e3c2cfcdccc5a,Ealing
08f194adb04a22120320c6efd757a555,Ealing
08f194adb0c830cc0330ffe9e64e54fd,Ealing
08f195dae9752b0a03433e977880c746,Ealing
08f194adb0d0b602032ba12fdcc526fd,Ealing
08f194adb549083003becc0ec906c7de,Ealing
08f194adb46a58ec03995d1e38715a46,Ealing
08f194adb4152c2103d47ddf345fc313,Ealing
08f194adb5ccc17003fb957b90791e95,Ealing
08f194adb51a0d5303ade2898c5437d4,Ealing
08f194adb58e641c03cd7fe27657df93,Ealing
08f194adb4b23096039ab2e7b6d2538f,Ealing
08f195dae9b4c0a3036bf475565aa6e7,Brent
08f194adb49a482903037660f82f87fb,Brent
08f195da5a628acc03f83a78e8f62434,Ealing
08f195dae9b0e0440319530983005bfe,Brent
08f195da5a4d16620338d92017553935,Brent
08f195dae86ee19403ebaaefaf801aa9,Ealing
08f195dae8206a2903c3e6eb0ebf85d8,Ealing
08f195dae8b166250358321f1332189e,Brent
08f195daec4dc25e03edbb64821cc067,Harrow
08f195daee97510b03b746b564c8bddc,Harrow
08f195dae10f08090311bf09b810b0ef,Harrow
08f195daecc8414e03dd3ee4459682cc,Harrow
08f195daec14b5690315047952edcf5f,Brent
08f195daec149a85038c8f319bf0cca4,Brent
08f195daedb44b99036a505e4ed4d7ad,Brent
08f195da5e4ed513039b470536b4a3df,Brent
08f195da5e7a681c03c7b759a4f3c75d,Brent
08f195da5e4e220e03de67f04f3c9bc0,Brent
08f195da5e55ab5603aa9b5e7b1de71e,Brent
08f195da5e56e952039e955abe786d4a,Brent
08f195da5ed6b92003a58a8090234054,Brent
08f195da514f5d2203cb52e61f88dafc,Brent
08f194ada64c0829037a5e98735593b9,Ealing
08f195da5b276c300302cfb2d2c07dc2,Ealing
08f194ada64712d1032141afbf00144e,Ealing
08f195da5b03168103d29f6e2fdc928c,Ealing
08f194ada691e6ee03c0bf73c550b237,Hammersmith and Fulham
08f194ada479687103b25e46d481a753,Hammersmith and Fulham
08f194ada69696aa03994a7ace89a4b0,Hammersmith and Fulham
08f195da58acca1803d1e345bdfe8655,Brent
08f195da5d51db860314c9dc479b5b49,Brent
08f194ada47b56d2037e15daf7257df7,Hammersmith and Fulham
08f194ada4713a1903fca7f191db4a72,Kensington and Chelsea
08f194ada4caad4d03095686805ec74b,Kensington and Chelsea
08f194ada414a026030934370dc9bd1b,Kensington and Chelsea
08f194ada4bb2add031c1945eaf16db5,Kensington and Chelsea
08f194ada4135c8103c26e6e1c35b1b5,Kensington and Chelsea
08f194ada4c453a5035aba1dd440740a,Kensington and Chelsea
08f194ada413426a03ea1daaf77d32d0,Kensington and Chelsea
08f194ada4d303400318e01dd1b07c4a,Kensington and Chelsea
08f195da59b1c96103e4c5c12ecdd4c0,Kensington and Chelsea
08f195da59b05d93038f60e1e29ea1bc,Kensington and Chelsea
08f194ada499239903db78c51397d5ee,Kensington and Chelsea
08f195da4a6dc20a037e3c0c010dc6fe,Kensington and Chelsea
08f195da4a6ec09603ae8e3481488a3e,Kensington and Chelsea
08f195da4a68d44d03dad8bd02cd3882,Kensington and Chelsea
08f194ada484d172031605eefc6dc849,Kensington and Chelsea
08f195da4b79302503abf17dd41d19b3,Kensington and Chelsea
08f194ada4b25646030f12e7a43cfd49,Kensington and Chelsea
08f195da4b4e606203ec11ae31c72af1,Kensington and Chelsea
08f195da4b4946c803bc4cce131eb4e6,Kensington and Chelsea
08f194ada4960a610363728c0f6472d4,Westminster
08f194ada49a9d900331397bb165a419,Kensington and Chelsea
08f194ada49018ed03c8e75c401c959d,Kensington and Chelsea
08f195da4a2daad403d2eef8693c7564,Westminster
08f195da4b5156ca0326e9ee6f90dfa1,Westminster
08f195da4a24e281035b7d82256f2b87,Westminster
08f195da4b552bb603c3d15a501a5bc0,Westminster
08f195da4b1b3cf0031b96115a0e56c3,Westminster
08f195da4bcc808603962b599df60735,Westminster
08f195da4bc5524a03981421b56e1c75,Westminster
08f195da4a21ca9e0347f5fb02e71b78,Westminster
08f195da4a34acd9032a61c02bd650a0,Westminster
08f195da4a0d5d0003950efeba478b8d,Westminster
08f195da4bc246a303b6a4a18bc2f7dc,Westminster
08f195da4bd31a4a030c05614306e359,Westminster
08f195da4aa5eb2503146573e0109785,Westminster
08f195da5984d9b503dd1b2ce2612c65,Kensington and Chelsea
08f195da59863d290335f1c307f052e1,Brent
08f195da599725ae03483f57cbcb7b8e,Brent
08f195da4a11462a0365081a1ce549ba,Brent
08f195da4a12895c0309cf5224564db3,Westminster
08f195da4ab9666803bbd6eda73ce1fc,Westminster
08f195da4849acc00336ad1127a69f83,Westminster
08f195da484a090003b1ae6178666c73,Westminster
08f195da4858b140036dbb1de5eaf5e9,Westminster
08f195da485a23ad0347955a2058cada,Westminster
08f195da4e2628930362dc32a447a4ab,Westminster
08f195da4e6d05a6034c253a7b351eb4,Brent
08f195da4e62a804031e34b0e964317f,Camden
08f195da4e54558d03e12fbcb80edafe,Camden
08f195da4e333b2d03a30c90ada62b3f,Camden
08f195da4e1742c00303f8317c91a1af,Camden
08f195da4e17445a0340b045652dbf0d,Camden
08f195da58d4caa40335c40b4c05d490,Brent
08f195da5e860af3031aa0b9ef77b637,Brent
08f195da5c032c830377bed0995861c4,Brent
08f195da51061174032b696cc769ae8a,Brent
08f195da5106172a031374acc4cd0e98,Brent
08f195da51b091700338320a50d352c1,Barnet
08f195da5561322d03a07a085de32de3,Barnet
08f195da5c9b6d44033b931094c219a3,Brent
08f195da42255c3603f69623f6af334f,Barnet
08f195da42cb286e034c7b7c77716304,Barnet
08f195da4211139d036fa28438663e00,Barnet
08f195da4213266d03295464140a4e7c,Barnet
08f195da428b19b103d381c010d1b5ca,Barnet
08f195da5d9a998003d43d4712db6c95,Brent
08f195da436827b1038f1835933a5978,Brent
08f195da432d9cc50340ef2d0cf8ab2f,Camden
08f195da4320492903955ac7da82a05f,Camden
08f195da4e5245b103c8205939e4fe04,Camden
08f195da4ec049640365ba2accff0c2b,Camden
08f195da4ec290b603c2bbb951762451,Camden
08f195da416ea554032ea26350b8e660,Camden
08f195da41650acd034f1021b025b154,Camden
08f195da416710c103a6de10ca8165ce,Camden
08f195da4162226e03bbb42746eccca1,Camden
08f195da415014960374cbcee9173a81,Barnet
08f195da42b716e203276739561e9832,Barnet
08f195da4284ccc203461151fe1f3ebc,Barnet
08f195da462cd73403278588ef3061ef,Barnet
08f195da406400a30325d89635dab109,Barnet
08f195da40773add03677fd14ee4c738,Barnet
08f195dae1b950e20343e4c0e90811c9,Harrow
08f195dae42f52b4035c7070205f428a,Harrow
08f195da0b616a60033773d1d64f1eec,Harrow
08f195da50b530b5034082c646037ffe,Brent
08f195da56a7286c03654eeade8e1113,Harrow
08f195da5479acce034cb9675e53ad0d,Harrow
08f195da097951aa03df188f3137e0b5,Barnet
08f195da545a88090317a655d73c6918,Barnet
08f195da50b40c4c03192a2a1c7c34b9,Brent
08f195da5546836e037be52cd0d4613c,Barnet
08f195da557253020371cca82c45d209,Barnet
08f195da550a2a0503df732fc4604936,Barnet
08f195da55a9154103d554606d891305,Barnet
08f195da54b8256a0356269d10c47943,Barnet
08f195da73124ae8037690b0a76b84c3,Barnet
08f195da46a1122503c4af8558089579,Barnet
08f195da4616a36903a247ce9d6aaa06,Barnet
08f195da46b6837603d9b9377ce6d868,Barnet
08f195da445368d5033c725d7abf4d7a,Barnet
08f195da62450099035d32def34cd4b5,Barnet
08f195da75c83a8803cc03c613408bd1,Barnet
08f195da742aad0c0370f8b54be933ce,Barnet
08f195da74aeadb503b0f8769e2efb82,Barnet
08f195da74a12956035efe577613fcec,Barnet
08f195db5a2c9db4038ab3bdc4ad5e6f,Barnet
08f195da4b048bb203b6970c9e1f4617,Westminster
08f195da4b02b90003880e56d21d2d4f,Westminster
08f195da4b14801503c3c1afceed85cc,Westminster
08f195da4bb81469031164502f75f780,Westminster
08f195da4b120cb003e14a1810e564bd,Westminster
08f195da4b82951003347287157ce617,Westminster
08f195da4b83172303cefe28a9fa107d,Westminster
08f195da4ba035a403e52bed9b63e90b,Westminster
08f195da4ba46c6c038fb17bcd49467f,Westminster
08f195da4b96968003ea0556e5d06f33,Westminster
08f195da4941275303806d7f2d5dcc0a,Westminster
08f195da4959ba8e03e360d2f11fbf64,Westminster
08f195da4958a0d803c0829877d9332d,Westminster
08f195da4959539c03403e781388a4ff,Westminster
08f195da4958ec760323dcc59e07f578,Westminster
08f195da494247930380ba7ec0005525,Westminster
08f195da49424b8303e53d18cd107f1b,Westminster
08f195da4bd518ca033d8d3f01a5a5a3,Westminster
08f195da4bd6e94a0393f07b24500aa1,Westminster
08f195da4bd2db6003f997d6700fa754,Westminster
08f195da486dcb8a03250278c67d27bf,Westminster
08f195da486d6a310360af9cb9489646,Westminster
08f195da486d546503957560e41a6435,Westminster
08f195da486e9c3303b036665b518cd9,Westminster
08f195da486ecc5403c7e0a3e4bb5fe2,Westminster
08f195da4b914c06038ed24e0187debb,Westminster
08f195da4b9ad30103292971e096b3a0,Westminster
08f195da4b900805032f09aebf4a3ad8,Westminster
08f195da486ecbaa03a2750e9dd42fca,Westminster
08f195da4b932cd303bd633394bce2fa,Westminster
08f195da486686ee03fc1f4ac2963e89,Westminster
08f195da486a38d0035d5e63f11b82c5,Westminster
08f195da4864567603d5d2dd1d1296ef,Westminster
08f195da486144ee03f248e807f6e55e,Westminster
08f195da4b970c2e03d9b0e78247aff0,Westminster
08f195da48208ccc03e34ad5e1bb1bf6,Westminster
08f195da48218a8303713e65c3db1dfc,Westminster
08f195da4821109e039cd08f7219ddb1,Westminster
08f195da4825c19103cc43caed6cb092,Westminster
08f195da4825094903265aa42e5deff9,Westminster
08f195da4824676303703cfcd3d820f2,Westminster
08f195da48350a0103064551baa9fa29,Westminster
08f195da4835956a03b85c5cea5680db,Westminster
08f195da48042585035a1eb62e069866,Westminster
08f195da482350a10321437a33fbc8fe,Westminster
08f195da4837333103fab4f28cd14e8e,Westminster
08f195da48ada6730335b285fd02368d,Westminster
08f195da4833647403f4213c75c9c4bf,Westminster
08f195da4833672b0358b81f3020e862,Westminster
08f195da4804d161031e18df3481c24b,Westminster
08f195da48ad5d530375d121a43979c6,Westminster
08f195da496166480315f2b4ffd948eb,Westminster
08f195da49613923037d4b195e2fb94b,Westminster
08f195da497b5856037b24df0fb0507c,Westminster
08f195da4973409a0316a9b21e593a9b,Westminster
08f195da4977600403a57edd2d15f49d,Westminster
08f195da49474402038f8a2b55a9fee7,Westminster
08f195da49558c80031377378f95813d,Westminster
08f195da4952d730030d6d5ee45ccfb5,Westminster
08f195da490a5031039aa4f00849c151,Westminster
08f195da49c74ac8031cae80f9b01394,Westminster
08f195da491a37a2030e2176400f76b7,Westminster
08f195da493a0cea03dae97d25083f67,Westminster
08f195da493aec06033748e7ad8be32c,Westminster
08f195da4931a9180352ca442cf070f3,Westminster
08f195da49313946034eab336d50df58,Westminster
08f195da4931631a032c79aecbcc84e8,Westminster
08f195da49314d1c036d3059e3475bc1,Westminster
08f195da49052c1a035212d4ad7fdca0,Westminster
08f195da49040219030fe967c6a5f3c8,Westminster
08f195da4906c07503cb4bbdc70833d3,Westminster
08f195da4902860d03b9175e1244ace9,Westminster
08f195da4930221603f4af49dd89fdb2,Westminster
08f195da4932362103c8f58ba3548dc1,Westminster
08f195da49ae05010390df12865c085b,Westminster
08f195da49af06020376b8e2c68ca410,Westminster
08f195da49a9a241033e903711722fdb,Westminster
08f195da49a1a48003afb1bd124fd4a9,Westminster
08f195da49aad8ec03cd6b564b26bc93,Westminster
08f195da491099910341655c1bcd388a,Westminster
08f195da491311000362059e43564841,Westminster
08f195da49125af203164f360e1677c4,Westminster
08f195da498d55150390d2675c3c191d,Westminster
08f195da491249520306de8b3c28d1d4,Westminster
08f195da4916d89503817361829e0e15,Westminster
08f195da49b80771037fe5c28811dfe2,Westminster
08f195da49bb3d2b0332ee9f75835982,Westminster
08f195da498f1712036a3a2e9625aab6,Westminster
08f195da498e332b03aa7eb60c5fd434,Westminster
08f195da498e14f4035dbf321de9a8ea,Westminster
08f195da4981909c032058a4856f1e7c,Westminster
08f195da498ed65603300b80e9f863c0,Westminster
08f195da498532500350a2bcf0fb9e03,Westminster
08f195da498088a203c72b80a6b764a8,Westminster
08f195da4987665303d9e4f547dc7ab1,Westminster
08f195da49c9bb840342593d6cb24569,Westminster
08f195da49c1acd303e8d0f889b9a220,Westminster
08f195da49cac4c1032ef24030785e7d,Westminster
08f195da48363a350312123206693806,Westminster
08f195da49d93d4603e948aeba39d323,Westminster
08f195da49d5a45503479523f1462101,Westminster
08f195da49d0020303c44a8246850307,Westminster
08f195da49d14b2c0351309074bc481b,Westminster
08f195da49d20d140360a7ce8b78bad5,Westminster
08f195da48a64a4b03428f70490a831d,Westminster
08f195da48b4ca240318e0d4352213d7,Westminster
08f195da498b66da0361271f9b76646f,Westminster
08f195da49d7412c0380e2185e78d867,Westminster
08f195da4d6dd0e50314b1572bf11811,Westminster
08f195da4994d98103670a1bf9c4cc68,Westminster
08f195da49908b4d037f9adcbb539325,Camden
08f195da49913534038df4691b3090cb,Westminster
08f195da4d6e66b20356bb364cd26cbd,Westminster
08f195da4d685bb303d2c169ae871984,Westminster
08f195da4d6ecac5037f10eb89826277,Camden
08f195da4d6a56de0393591d6e8899c7,Camden
08f195da4d6458190337925bea16fce9,Camden
08f195da4d753ce403eed4ee08657a76,Camden
08f195da484c9860031ec305e95049c8,Westminster
08f195da48193a4e0366e25c30edee70,Westminster
08f195da48198d0803a2eefaeb018153,Westminster
08f195da4850520e03c4b61e0f407344,Westminster
08f195da4e26071a034ae9ac125a8729,Westminster
08f195da48cb6990031c31d6a6873dbf,Westminster
08f195da48d5ed360390f7b6e549ef70,Westminster
08f195da4800d6db0309c1f0a2780018,Westminster
08f195da48c4a25503ecd939ddf14b98,Westminster
08f195da4816cbac03a9f97f2ae4d9a6,Westminster
08f195da4eaf295803a5c918f110fc65,Camden
08f195da4eaa836c03ed7e3664846c38,Camden
08f195da48d05ac603d2dac4a12bcdce,Camden
08f195da4c4c556503b222dc9ceadcbd,Camden
08f195da4c61cd2803777da4da9ab1c3,Camden
08f195da4c7420ae0321be63308e89fd,Camden
08f195da4c7a366c030adb46b9ab3ccd,Camden
08f195da4c01276c0340336466610e70,Camden
08f195da48849d5e0390f5e11bc9cdf1,Westminster
08f195da4d4f395303a510103978bffd,Camden
08f195da4c2e8762031c6145416a8fc8,Camden
08f195da4d7a281d037e102c683a287a,Camden
08f195da4d47158603e28381ea13e4be,Camden
08f195da4d7043200331c8a5564614d7,Camden
08f195da4d1ae60603fc3ddfa66c1a01,Camden
08f195da4d52c470034d61d94eb72893,Camden
08f195da4d186658036dd2082f9d9c52,Camden
08f195da4dc58c6903194521f3bcb432,Camden
08f195da4c236844033e76043b2ddc48,Camden
08f195da4c3ad62803e47800c6c772d9,Camden
08f195da4c310128032d2360e10b05f6,Camden
08f195da4c0dd90203ec808b2daf467f,Camden
08f195da4c06a4a603f01cfb214b6081,Camden
08f195da4c36042a03d4a26e635e3dda,Camden
08f195da4dd1462e03317c523204f8db,Camden
08f195da6b690293033d881a064bfa7d,Camden
08f195da49a5004103918f0d640f6f33,Westminster
08f195da49ae58c8039c5769b1998707,Westminster
08f195da49a098b603e8f41f6cba4447,Westminster
08f195da49a4e642038c377f66824d9d,Westminster
08f195da49a414f40345cfae164ed123,Westminster
08f195da49a4c259035c820e1db179cc,Westminster
08f195da49a4581a03d90ac68e8e577e,Westminster
08f195da49a73152037dc3348287c613,Westminster
08f195da49a7512803bee735f1c99c0d,Westminster
08f195da49a08b860313540acffe3e03,Westminster
08f195da49a2838b038fa56d6b0b89c9,Westminster
08f195da49a2db9803fabc592005fcf4,Westminster
08f195da49b534ec03116fce11b61718,Westminster
08f195da49a75984039fd8fed6c2401a,Westminster
08f195da49b5036a03ffcfac0e68e12c,Westminster
08f195da49a6160b03e1404c29a0f9ff,Westminster
08f195da49b5164503052a7d5c16dee5,Westminster
08f195da49b6e0a103b77318343b0a3d,Westminster
08f195da49b6da6603273f26d44dc17b,Westminster
08f194ad32796b820365905f54cb3276,Westminster
08f195da49b1e82d035ecb9659eee6cc,Westminster
08f195da49b11ccc03cf262d7f80648d,Westminster
08f195da4984d4b20312d7fe433df9cb,Westminster
08f195da49b217700314519b3b2c92b7,Westminster
08f195da49b213530356da428b188758,Westminster
08f195da49b24b9c037d7bd083ed8d0b,Westminster
08f194ad32496773037e39e71340b143,Camden
08f195da4996b2f403b97cb291e6bcc4,Camden
08f194ad324ea37003ff391e3763210f,Westminster
08f194ad324e8c3503a42be5070c0eec,Westminster
08f194ad32599276031fe5d0cc8c9ace,Camden
08f194ad3258db2a035f48ae1789535f,Camden
08f194ad3261da5903f2c191037fe7cc,Lambeth
08f194ad32609a5503ed90af36c30cbc,Lambeth
08f194ad3267569b03512104fe2f2cf3,Lambeth
08f194ad3270d4f0037d99e4b4bf3492,Lambeth
08f194ad32670a8503f99b04c1e8e677,Lambeth
08f194ad3275eb960318a7726d8abefe,Lambeth
08f194ad3274948a03d9290c6c79a6c3,Lambeth
08f194ad320c1596032b9675e1575560,Lambeth
08f194ad320c5a5903a6c5db3981a841,Lambeth
08f194ad3245b9890331046207bfb9d6,Westminster
08f194ad3244333403814b8494b2186c,Westminster
08f194ad3254eb0d03bf956fc832b482,Westminster
08f194ad325710830326dfb83be52a1f,Westminster
08f194ad320b356603ac8a247434f095,Westminster
08f194ad3203298b0325e3009a185545,City of London
08f194ad321b10f40370023553053fa5,Westminster
08f194ad3211bcaa03a884474e29ef5d,City of London
08f194ad321acae103bebe4747cb8114,City of London
08f194ad321adda4038e883bc540af6b,City of London
08f195da4994648403fd44478df54d15,Westminster
08f194ad3259039c03e9823a31dd9e77,Camden
08f195da49924d7003171b155181d954,Camden
08f194ad3251d031030783622430d01d,Camden
08f194ad32c92ba303673c868d321303,Camden
08f195da4d3b018003ddef087bd54be5,Camden
08f195da4d310bac0355f5aada239ec8,Camden
08f195da4d05d34d03447ae0ad1efa1c,Camden
08f195da4d32da8003f38d176e1e7f40,Camden
08f194ad32cad454030d44f599bfb2a3,Camden
08f194ad32ccd8890358b283e071c18b,Westminster
08f194ad32c6491003f0ebe0bd4725de,City of London
08f194ad32d9e51103801aacecb8513d,Camden
08f194ad32d9432e03c2ed9689f2cfd1,Camden
08f194ad32d2c38a03a5628438559e53,Camden
08f194ad32d2c43403a513d459be272d,Camden
08f194ad32ad588803001e322063cc6f,Southwark
08f194ad3200110d03ae9ebc1995f7d3,City of London
08f194ad3210dd8603647d2ee65cb41a,City of London
08f194ad32135b5003c8e73900efb87e,City of London
08f194ad328d07a00354029b697f05a3,City of London
08f194ad328c2c1e0335fe8670032a42,City of London
08f194ad328c993103f5609d3444beb6,City of London
08f194ad32ba075e0312be4130600f66,City of London
08f194ad33d9181403df3c4eaa4ccc49,Southwark
08f194ad33d16296037775eed000ab83,Southwark
08f194ad33d2e7510304b5b817c69eea,Southwark
08f194ad3068b90a033b3424c41db5b2,Southwark
08f194ad3068011b03b5780f34049819,Southwark
08f194ad3068038d0393770a6298189a,Southwark
08f194ad32b106a503eba932ca664f94,City of London
08f194ad304da7730325b490d15d874b,City of London
08f194ad32849c0b037fba2d2d540bb6,City of London
08f194ad32848b20037face41f7d57bb,City of London
08f194ad3284c9920313e9a52cf9d01c,City of London
08f194ad3079656c03edddaee4a4898f,City of London
08f194ad304e3b1603b0703be2192059,City of London
08f194ad304707b503aa1cb595b5083a,City of London
08f194ad32130b6b03f810f071cae638,City of London
08f194ad32124d02038ad6cee5171fb2,City of London
08f194ad32d6a620030edc85df030d1c,Camden
08f194ad32d6353403ed3910b1db940e,Camden
08f194ad32d6098203c1dbee3bce4df8,Camden
08f194ad3299a1280305377b616d893f,Camden
08f194ad3285512e03e060d750e28a53,City of London
08f194ad3290c162039e3578356009ca,City of London
08f194ad366c1b04039cf170b55237a6,Camden
08f194ad3664a34303196383bab1f2df,Islington
08f194ad366651800372c565db406fd7,Islington
08f194ad32936b5c039af85faa906f9a,Islington
08f194ad367500d5032794d68c6e3fc5,Islington
08f194ad3286449203ca2085473f6c06,City of London
08f194ad32943d6e03611cad0886577b,City of London
08f194ad305ae06a036818ff88bf5800,City of London
08f194ad304b211503516fd4953e874b,City of London
08f194ad3296888b03012a5cf303cdbc,City of London
08f194ad3296c2a1032e4f841b233974,City of London
08f194ad3296c51303c4dffd9adc528c,City of London
08f194ad305988a003f401b38afb4346,City of London
08f194ad362d09a003928907eb21b6bf,City of London
08f194ad362ddd9303a7f68979a655d8,City of London
08f194ad362e344903c5009fd2c159a7,City of London
08f194ad3041490803798705da05eca5,City of London
08f194ad305ad16b038df7e97616363d,City of London
08f194ad305a345103260172e8946476,City of London
08f194ad305a0311032e4e0d73cc22e2,City of London
08f194ad3625385003b8a57c31bd518c,City of London
08f194ad305a5740038a15ae7f2f600e,City of London
08f194ad36269519032e85794609fcbd,City of London
08f194ad3626e74c031d0f3c7f547d4e,City of London
08f194ad362ab476032a986c87710911,Islington
08f194ad362f681c031d3ddbb1bf5c1b,City of London
08f194ad362064a2039a667ccee20e7d,City of London
08f194ad363a20dd0315b72beb810809,Islington
08f195da4d053153030b405427c58aac,Camden
08f195da4d052a6b032a96c1a592d7ff,Camden
08f195da4d16a8aa037985683bbe97a6,Camden
08f195da4da8309303ee8727e67e72d2,Camden
08f195da4db912180369cccc6f873fcd,Camden
08f195da4dd48459033913d48c552677,Camden
08f195da4d99cc8b03b78e511c8a836e,Camden
08f195da4d8593ab030ebe769966af84,Camden
08f195da4db01240039414b0bf023f80,Camden
08f195da4d958ce80359a425791232e8,Islington
08f195da4d86da0d03a01315954b6fe5,Islington
08f195da4d82cae8039261c311165f97,Islington
08f195da4d96e574039c09b1d7cc0a0e,Islington
08f195da6b64e38503c02565d5da19ff,Camden
08f195da6b60ca04039fb1678697920a,Camden
08f195da6b7b33590315c8311911d635,Camden
08f195da6b45c343031b193db91da85f,Camden
08f195da6b08158e0349df215f888978,Islington
08f195da6b2104aa035b191cf260c81b,Islington
08f195da6b019c930332b62633666de4,Islington
08f194ad367a58ee03d5bfaa5c72087d,Islington
08f194ad367837ac0338cdd6bbb38be6,Islington
08f194ad3601e42903538664cce303f1,Islington
08f194ad3654694e03c6ffed2aa9e164,Islington
08f194ad3605c4a6031f0c5d1899d1ff,Islington
08f194ad3602a369038cc0e8389d7bae,Islington
08f194ad3602821203971861527759b0,Islington
08f194ad3615a9b403eafc72fbdd8d36,Islington
08f194ad36065d65034d0c1abaa048fd,Hackney
08f194ad36aae36403dfb9eade5fb03d,Hackney
08f194ad36a1a5630324587ac92fd6ed,Hackney
08f194ad36b9ec6e03d682cabec3f020,Hackney
08f194ad3611136d0327a9002dd6b41a,Islington
08f194ad3612e20a031d8683c5fa98d1,Hackney
08f194ad3688930003b8e09c6a197e86,Islington
08f194ad368ebc630341204c2da75000,Hackney
08f194ad368182dd0377132c5a6c7812,Hackney
08f195da6ba1860903b18753d7879706,Islington
08f195da6bb196a103366ec44807cd58,Islington
08f195da696ea66d03803abe94ab8665,Islington
08f195da697b031203fb3db5e9f8f62b,Islington
08f195da4e94862d039de6cb12d62e87,Camden
08f195da4e970d15038c0b94e5ed0727,Camden
08f195da4c5b309003fa0cd25811e083,Camden
08f195da4c4354c6038bce51f397f36b,Camden
08f195da4c52209603177dd5788a668a,Camden
08f195da4ccce814036c0ab3a3d57073,Camden
08f195da4ccf201003ba82e0f43d29d8,Camden
08f195da41358911038fe20425838154,Camden
08f195da410d94d6030a3891b8dcc8ea,Camden
08f195da413b316b0308376c81e2c811,Camden
08f195da41c7366e031565f070c754c3,Barnet
08f195da4c90b71203e21143c12783ca,Camden
08f195da6a2ac8aa03fce022a47a059d,Islington
08f195da6a731714036d1ff168ba406b,Camden
08f195da6a0d5a2b03d713852427bc47,Camden
08f195da6a0124410312fbe9dac31b6d,Camden
08f195da6a10370003352feade4a042d,Islington
08f195da6a15dd11030c2a7d48360ced,Islington
08f195da6a14565203779f4954cd6c91,Islington
08f195da452d90e603549f34a178e22a,Camden
08f195da6a5b5a6403d8823f758f5c3d,Camden
08f195da4503285003397676ff1602cd,Haringey
08f195da6a5034b20322eb11d04fef84,Camden
08f195da6a5211760399869ff37b7ff6,Camden
08f195da6a8b10290377a9b7ece6c26f,Haringey
08f195da6325b4d5036fabdde2564734,Haringey
08f195da6b530d0e03a2252ce5233dfb,Islington
08f195da6bb111210330fb90653f27a7,Islington
08f195da6943598003cf6044a4c419ae,Islington
08f195da6820b0640309a531d235301e,Islington
08f195da6835d5b60329668afa2b22b5,Islington
08f195da6954316d033f63379c7cce13,Islington
08f195da68348c9003a8e0ad6975d727,Islington
08f195da69c4e1460309dafad63f8909,Hackney
08f195da680cbb40031243b12ea1ee39,Islington
08f195da680c67b0035c687fed228c68,Islington
08f195da680eb57503c432ca7c20ce36,Islington
08f195da6a928cd003665fd7868e0611,Islington
08f195da6e29bb59039908d4a685696b,Haringey
08f195da6e76d08003c9d71a35d08126,Haringey
08f195da6e31572503857e03b363a20a,Haringey
08f195da6e3152ee03d97466f06162a7,Haringey
08f195da6e8d5c5d03aa6ce6c71d7d59,Haringey
08f195da6ea8178203669d078a5156ce,Haringey
08f195da6eb58b48030b3933280f706b,Haringey
08f195da6e8695b30374072f39d28ba5,Haringey
08f195da6c585c92038c132ea10cbed7,Haringey
08f195da6d4362c1034e71f930ac7f0b,Hackney
08f195da6893095e03001dd1e4c08f08,Haringey
08f195da6c4504c9033654b6e0345df2,Haringey
08f194ad3060b49e037775b2af345418,Southwark
08f194ad3061d766030b9b524f2488d8,Southwark
08f194ad302842ad033c80b4df946640,Southwark
08f194ad303954520339b9428807d3bd,Tower Hamlets
08f194ad30395172037ca599a7a39b1f,Tower Hamlets
08f194ad30386d66037b77e3e1babc56,Tower Hamlets
08f194ad300ca1450302cd5679efc3e6,Tower Hamlets
08f194ad307144e003ad5eea1061047e,City of London
08f194ad30701cde03df71ea72e4b1b2,City of London
08f194ad30733822030f0386d27f0744,City of London
08f194ad3046c241030561b8b3d346c9,City of London
08f194ad304446460317e863066a20de,City of London
08f194ad305435ac03356741f58967d7,City of London
08f194ad3056b0ae0344ef9e26d88b8c,City of London
08f194ad300b537303a5b6e2f2f7d100,City of London
08f194ad3005818403c5dfd4de545498,Tower Hamlets
08f194ad300ec590032852960068744a,City of London
08f194ad300e690c03d42ca3fd8ad6b8,City of London
08f194ad300a348a030e7a3931311dfe,City of London
08f194ad300a2928031ae1326b04f01d,City of London
08f194ad3019c1520304231dd05e7db3,City of London
08f194ad30381c8803f58df6ec45d4c2,Tower Hamlets
08f194ad303853630373f3339c5b0bff,Tower Hamlets
08f194ad30386aca03824d9f41708a3c,Tower Hamlets
08f194ad30380566036b5d0bda278328,Tower Hamlets
08f194ad303a238d031ea9af0f9bb217,Tower Hamlets
08f194ad303ac6c0037ec3f8c8834715,Tower Hamlets
08f194ad303b1c5c03d4487d38886518,Tower Hamlets
08f194ad303a22e603cf7d535ad0754b,Tower Hamlets
08f194ad303a238903cfeb0a4936650b,Tower Hamlets
08f194ad303a454003cc27cb2007a5ed,Tower Hamlets
08f194ad30312a020368dbca14543fe1,Tower Hamlets
08f194ad30356b5603d0906fb8b2833b,Tower Hamlets
08f194ad3036bc0c0319d5e040c2b6f9,Tower Hamlets
08f194ad30ac5a1603ac9e919e3b2d87,Tower Hamlets
08f194ad300ed188037132218903e941,Tower Hamlets
08f194ad3005880403d95730bca5fec7,Tower Hamlets
08f194ad300546940308e7f417dcbb47,City of London
08f194ad300512f3036f6c141847102a,City of London
08f194ad30a368800309b90262dd6603,Tower Hamlets
08f194ad30b9caee03f721d02ffe8446,Tower Hamlets
08f194ad30bb14e8032897d6d0aac5bb,Tower Hamlets
08f194ad30bb4b1d03724649be52cf64,Tower Hamlets
08f194ad30848b6e0370a0ce35181c1f,Tower Hamlets
08f194ad3055661003e5231f655bb89c,City of London
08f194ad30565003036b6ee055177f32,City of London
08f194ad30ceaa1803467a23e8434e44,City of London
08f194ad30c48b8003647cae4fded327,City of London
08f194ad30cec8cd03d6d032e937383b,City of London
08f194ad30c6378b03895259b59fc9d4,City of London
08f194ad30d9612403c43b012f29bd2a,Islington
08f194ad36aea6c1031963add0c48493,Islington
08f194ad36a4a266039908d152602922,Hackney
08f194ad36a4895a03f140c589c5bdf7,Hackney
08f194ad36a407ad03b1bbe1b4f16e20,Hackney
08f194ad30d55520033068f27e83f7b8,Tower Hamlets
08f194ad30d72cc5036e697338ab18ca,Hackney
08f194ad346aa51003c0cd1bf82c3b13,Hackney
08f194ad34685374031228acbb68e6ed,Hackney
08f194ad308dc85103da20ecb674b45e,Tower Hamlets
08f194ad30d6ab090356343af592701d,Tower Hamlets
08f194ad308a88c1039472d4b7faf417,Tower Hamlets
08f194ad30989450039842649b193536,Tower Hamlets
08f194ad30845c71030bafaa00b5ab55,Tower Hamlets
08f194ad308509a80315c54bb51f0d89,Tower Hamlets
08f194ad308024c803b992a422c0bb88,Tower Hamlets
08f194ad309a9c83031075e48fc1cea2,Tower Hamlets
08f194ad346ca6e3032f98b7e69a7816,Tower Hamlets
08f194ad309a48f2039d86ea1feca543,Tower Hamlets
08f194ad3464a52e03f14663492a8e1c,Tower Hamlets
08f194ad34653d2d030aecb77bb26566,Tower Hamlets
08f194ad346e539b0328737a82955091,Tower Hamlets
08f194ad3460bab403d958c45592a331,Tower Hamlets
08f194ad309ac5a403c2a2b9a0c0326a,Tower Hamlets
08f194ad30901ba503a532de0206afd8,Tower Hamlets
08f194ad30a09ad603f4213f1afe7086,Tower Hamlets
08f194ad31d25d4003972a82a49911e2,Tower Hamlets
08f194ad3568ac8a035e878e69743142,Tower Hamlets
08f194ad357b1d0203337027b8a5314a,Tower Hamlets
08f194ad3562bc1c03956de914da8567,Tower Hamlets
08f194ad35670181031bb90fcf2ee873,Tower Hamlets
08f194ad356760a003fd7695f7b36b89,Tower Hamlets
08f194ad3528e4b3034a696015db7df7,Southwark
08f194ad357419b1030447f926e1ca92,Tower Hamlets
08f194ad35709d400396b6e50fde9d21,Tower Hamlets
08f194ad35471a8503e7ef7971bdc207,Tower Hamlets
08f194ad350c970403a255fbd27e184b,Tower Hamlets
08f194ad3501b699039e2a3c7c52a544,Tower Hamlets
08f194ad30949941035ab1ab5d63db41,Tower Hamlets
08f194ad355b178c031d44cdcfdb7dbe,Tower Hamlets
08f194ad35584325038d0e226391b588,Tower Hamlets
08f194ad342a1ce403ae9ee49963247b,Tower Hamlets
08f194ad35d9278d03587bcb1c632884,Tower Hamlets
08f194ad35524b9903b7a12127e0a7cc,Tower Hamlets
08f194ad36bac9410315497343798b01,Hackney
08f194ad36b11a4003242071b9bb51a3,Hackney
08f194ad347b4640037b3c957369d690,Hackney
08f194ad3449055103f1642bb23f95f6,Hackney
08f194ad34489da403d6291acfadfb0c,Hackney
08f194ad34612cf30394eb616d800a61,Hackney
08f194ad347ad23303a3b8fd5d5377db,Tower Hamlets
08f194ad347a392e03a1532a4f8b5beb,Hackney
08f194ad344494c603aee9c7917c6fd9,Hackney
08f194ad3409931e03f4b6a3f1a60adf,Tower Hamlets
08f194ad34089aac0356f7cd7b7b8b20,Tower Hamlets
08f194ad34506d6203be257adcf31994,Hackney
08f194ad3453068e032c0e7bcab666f1,Hackney
08f194ad345303a503bee26d7a63aea3,Hackney
08f194ad34c9aa890312b5bd355d1761,Hackney
08f194ad34c18a31036c15ee556cb455,Hackney
08f195da69a560e9033f31638d14285c,Hackney
08f195da69a02355039eefd4878e0eac,Hackney
08f195da69a0561003f8b2929efffdc5,Hackney
08f195da69b5b424034fd068e7fc858c,Hackney
08f195da69b4033603b27f7d80acb263,Hackney
08f194e69a79e284038416a84a657381,Hackney
08f194ad34059a84036e17f01e3e3d8d,Tower Hamlets
08f194ad343134050340075cf7b03cdd,Tower Hamlets
08f194ad340730c60369643962437030,Tower Hamlets
08f194ad3404116d03b27d3c1dfa641a,Tower Hamlets
08f194ad3414e00403acc2008271b973,Tower Hamlets
08f194ad34a8969d0325ae38a73fd4f2,Tower Hamlets
08f194ad34ac4aca0394e38948c31d18,Tower Hamlets
08f194ad34ac400d03d70f35e4ff7c41,Tower Hamlets
08f194ad34b9b20e03d1a93f2fe1a254,Tower Hamlets
08f194ad348d94b403053902fc8597d6,Tower Hamlets
08f194ad34888cd903659598e86191ba,Hackney
08f194ad34bb2b72037ae8e90a7df79a,Tower Hamlets
08f194ad348ea69b031b547eb1d8e86c,Hackney
08f194ad34a5dcf6036fa8e571f7be78,Tower Hamlets
08f194e69b4ed89103fe3fd156a90414,Tower Hamlets
08f194ad3499278a03edbdd6cf87fd36,Hackney
08f194ad34828c6903a5fc77e2fbe269,Hackney
08f194e69a29a04b036bfb7f15fda0f0,Hackney
08f194e69a6ee52503dfce1a4472e7e5,Hackney
08f194e69a79daa403581ac4d3890770,Hackney
08f194e69a6350910342f7d93e6fa6bf,Hackney
08f194e69a29676103ea4a5a189e99ae,Hackney
08f194e69a2b436903976fdb7a81c120,Hackney
08f194e69a0e844103be9fc81d7e57a9,Hackney
08f194ad3521218603ce8e98197dd182,Southwark
08f194ad3534984403d13d02ca9a6a43,Southwark
08f194ad3505b2e1031fb2689e9c90b0,Tower Hamlets
08f194ad3533526503e1cf784d8d888a,Tower Hamlets
08f194ad35304d21039650c0bfce99a6,Tower Hamlets
08f194ad35a83d02038c8aba2de44092,Tower Hamlets
08f194ad35aac45b035d26ffd4485715,Tower Hamlets
08f194ad35ad0a52033a160799577d8a,Tower Hamlets
08f194ad35a303b503b9f1ae53e3d70b,Tower Hamlets
08f194ad22d062600304897b0ba18fb6,Tower Hamlets
08f194ad22da468303ea7a417810c68c,Tower Hamlets
08f194ad22d7368803493b5a7743ab68,Tower Hamlets
08f194ad264da68603658ccca0c8edb4,Tower Hamlets
08f194ad358ae48c0322996a09ab5338,Tower Hamlets
08f194ad3581d735031703ee119bc3aa,Tower Hamlets
08f194ad3580374303d8edd4158eec51,Tower Hamlets
08f194ad35d6bd11035a14402d930e2b,Tower Hamlets
08f194ad264c5826036fc1f2596dc9d0,Tower Hamlets
08f194e69b208a0c03e5c5b8f747c6d7,Tower Hamlets
08f194ad26c98326035a77d394ff6c60,Tower Hamlets
08f194e69b343c3403752f164af5e83a,Tower Hamlets
08f194ad2291eca2036a728f5602df15,Tower Hamlets
08f194ad26449054031ec72bcfd922b6,Tower Hamlets
08f194ad267452090389ea1b262ed06e,Tower Hamlets
08f194ad2601846503d3e0253b56093b,Tower Hamlets
08f194ad2601e6450376bc19d26c3d38,Tower Hamlets
08f194ad262e9985035004daaa4a2258,Tower Hamlets
08f194ad2625c12a038e68a46537c9a9,Tower Hamlets
08f194ad263595a803556eea2542f315,Tower Hamlets
08f194ad2634a62e03122bdfe3efa8c5,Tower Hamlets
08f194ad20d9114603ee32b5aae80689,Tower Hamlets
08f194ad26066acd0363f2927c393a8b,Tower Hamlets
08f194ad2632d129034d4ef282b0d003,Tower Hamlets
08f194ad26aeb61903af3101a59f5205,Tower Hamlets
08f194ad20db4c82038377f51aee3302,Tower Hamlets
08f194ad26a2a4d803839dd8f5428d1c,Tower Hamlets
08f194ad265598da03bfdb4f9ab5bafd,Tower Hamlets
08f194ad2655838b037e45a5b2087e6d,Tower Hamlets
08f194ad261947b503791ac1bec08dbc,Tower Hamlets
08f194ad261b4169036a1fae323d4090,Tower Hamlets
08f194ad26101a8b039bbdd779097b16,Tower Hamlets
08f194e69b622a4203fad651bf2b0da5,Tower Hamlets
08f194e69b63596303b4d3e45efccf38,Tower Hamlets
08f194e69b7762a8036e1108e1789f80,Tower Hamlets
08f194e69b00c39803ef6b6db08beba0,Tower Hamlets
08f194e69ba1542803ce6edb6daef980,Tower Hamlets
08f194e69bcc93a403b8f888d68d6a98,Tower Hamlets
08f194e69b88c175033b345b21925720,Tower Hamlets
08f194e69b90ad8003e3f80ba2980c36,Tower Hamlets
08f194e69876116d03946d6fc8d1c9a8,Hackney
08f194ad26da0610037350d1794bdf1c,Tower Hamlets
08f194e69bae84ee03dd3093fbba9b32,Tower Hamlets
08f194e699799b8503fafd4341e01b62,Newham
08f194e69b86865e0344040edb2d49ab,Tower Hamlets
08f194e6994094c0036816a196d49be0,Newham
08f194e69967226d0386df3a710aa0aa,Newham
08f194e6993b0814031650533e1f2b22,Newham
08f194e69971e30c03f74cb79a17da5a,Newham
08f194e69909e22103bb59c0de556d54,Newham
08f194e69911da4803fadd0c3326d31f,Newham
08f194e699519ced037881a5598da8c6,Newham
08f194e6995b5b450366fef44d272721,Newham
08f194e6995459a403545e1c07940ee4,Newham
08f194e699c1b6e8036e2e4354a8e855,Newham
08f194e699c4b74b03195b903de97c5d,Newham
08f194e699c2dce5037ea7b6f51af0e0,Newham
08f194e699c6e86e03ce1c9f041a37b2,Newham
08f194e698a51b84034cd4d78b423a26,Newham
08f194e699da172203963edc5708b0cf,Newham
08f194e699d40711039058d205422b83,Newham
08f194e69d6d2721036dc012ffdeac5c,Newham
08f195da691054d503ce8bbe678d030f,Hackney
08f195da69144b0503dfd567676f4546,Islington
08f195da69b8eb7303b3acf4e40de7b5,Hackney
08f195da69d620f403e05dad372b9206,Hackney
08f195da69b298ce03f6705b2dd48fb0,Hackney
08f194e69a51101c03851e0a5c5f5acd,Hackney
08f194e69a06ed10033f1feee1679888,Hackney
08f194e69aab1adb03766a93518595df,Hackney
08f195da6da0101203efd465b0e8e7e7,Hackney
08f195da6db2ace6039d94666d094c02,Hackney
08f194e69e6893b303648306a2d2cc51,Hackney
08f194e69e2836d5036821a6acf14a78,Hackney
08f194e69345011603f1a03671f91049,Haringey
08f194e69354c26e03f7afb2966b1ab8,Haringey
08f194e69ec83d0c03ea6dfea096a344,Waltham Forest
08f194e693760940030e14c8c7c8994e,Haringey
08f194e6930ce41b03ed8583d4176a3f,Haringey
08f194e693b9c648032c6ace19b03faa,Haringey
08f194e693b939b403d257be02db193c,Haringey
08f194e69ab1cd4003aff2f85ee586f3,Hackney
08f194e6984ac12d032e4eac76c13c05,Hackney
08f194e698445281036b9cc500b45768,Hackney
08f194e69eaad8a6037feb19a9057c40,Waltham Forest
08f194e698a6241503f616dfb0544573,Newham
08f194e698a4404903581533473b2734,Newham
08f194e6989ac08203a4e6e531c54791,Waltham Forest
08f194e6914eb69c03a08e06e9eb213d,Waltham Forest
08f194e69c8cc876031d085fa964550d,Waltham Forest
08f194e69cd256f5038fd7f756adf7a0,Waltham Forest
08f195da63c8888603369a4d84489400,Barnet
08f195da63d926c003952bf1edb56b36,Barnet
08f195da632aaa9a03cd6e304eafbce3,Haringey
08f195da60da195b03b6505909fb43b8,Barnet
08f195da6ed2958b03068117d28676b6,Haringey
08f195da61063c6903dbb817d18f4001,Haringey
08f195da6106605c033d7351896cb9a0,Haringey
08f195da611a348503834aebef3edcec,Haringey
08f195da61074911030aadaf0c46871c,Haringey
08f195da6cd3203503fd2c4227fa4180,Haringey
08f195da6184dd220338ae7e64b1cbbc,Haringey
08f195da6574266b03acf740f3cfa68c,Enfield
08f195da6577164c0349925442f18a27,Enfield
08f195da650f4a5c035e888febb5df7f,Enfield
08f195da65a5555403ceeacd99c9ee87,Enfield
08f195db58281b26035baeb8441ef69a,Enfield
08f195db590b28d303a74e0b1109d3bd,Enfield
08f195db486c04d20377685037d3b69d,Enfield
08f194e6922811800357d32f6b2dab9d,Haringey
08f194e6922ee34b039adb45796f117e,Haringey
08f194e6904805a40311b148412506a4,Haringey
08f194e69069cc9c03d019e0f765a7e8,Haringey
08f194e6902f2ae603bb9cdf19f40072,Haringey
08f194e69009bcb0030de79c6a88a1d3,Haringey
08f194e69119691a03b1c059d81b0d1d,Waltham Forest
08f194e69402e28803037364e910252b,Enfield
08f194e6b36d924a0348c306218c13b2,Waltham Forest
08f195db4875364903fa6b47321e1dc9,Enfield
08f195db48283225031d0704aef3f80c,Enfield
08f195db4828ed66037f8112bcf40206,Enfield
08f195db4895390803d915c765473581,Enfield
08f194e6b20c54080348dc14a17c0311,Enfield
08f194e6b06900d303218a43591e9ccb,Waltham Forest
08f194e6b6c6d1a003eba2b3464297b8,Enfield
08f195db6962476e03eac2658e649d2c,Enfield
08f195db4e8a64c1039a615693e2087b,Enfield
08f194ad5e22210003c9d5a605159eaa,Bromley
08f194ad5e8691680328f6c958b3875d,Bromley
08f194ad5897252303aa0922556b2756,Bromley
08f194ad5426b34e03cfd45d12bb6a6a,Bromley
08f194ad5509166103a55e8bdddd25e2,Bromley
08f194ad427a28880387bd4e17aeb156,Bromley
08f194ad09165ae403edfc0754d140b6,Bromley
08f194ad0d1360d303a21babe62c165c,Bromley
08f194ad0db22822036edbee04efab5a,Bromley
08f194ad741b64a9035015280a41990e,Bromley
08f194ad6249513303b0573ab3d0637a,Bromley
08f194ad62024d6803b8634fc0cd0197,Bromley
08f194e6d9275adb0327898f1a4a18d8,Bromley
08f194ad28d11071032480bbdc7892d0,Greenwich
08f194ad76d2832d0312d96bac62fea8,Bromley
08f194ad29cc993403e78d1207cbfbd1,Greenwich
08f194ad28845c610377fca36e41d6e5,Greenwich
08f194ad2d30e200035b2bae7e82c0ac,Greenwich
08f194ad23bb0a2a035638c2b8b520e1,Greenwich
08f194ad2171cad20343fb77b9d87bbb,Greenwich
08f194ad21b82a61031b959bdf08fff1,Greenwich
08f194ad239758630334d6c62fce6229,Greenwich
08f194ad202d112d0380b66c6b72d570,Greenwich
08f194ad2029422003d94db38cb4e634,Greenwich
08f194ad21590b1403c2c71e08c39c6b,Greenwich
08f194ad215826d6039ab823bdcdac05,Greenwich
08f194ad21536994031da6282db7230b,Greenwich
08f194ad20ce819503fc67178252dddd,Greenwich
08f194ad2011808a03118fc093466784,Greenwich
08f194ad201142b303462f1146b446d4,Greenwich
08f194ad20a9e8650308a12bf5c93ffc,Greenwich
08f194ad20a940a803cf7ba505419758,Greenwich
08f194ad2014e92c03dc5badfd4d1cd7,Greenwich
08f194ad201435a003461b622c2fa3e6,Greenwich
08f194ad20ab3a80037a363c8bf2943d,Greenwich
08f194ad2112c86a0319b8f76389eb7b,Greenwich
08f194e6d249d91a03d4191b845bd615,Greenwich
08f194ad254538160349124059f81caf,Newham
08f194ad25542a9503dcddec1675b790,Newham
08f194ad253b30440326ab3139e56b6b,Greenwich
08f194ad2518d2d9030418861fa99b28,Newham
08f194ad2c152703036548f5c88dfd97,Greenwich
08f194e6d06164cd0368d677df7a4beb,Greenwich
08f194e6d2540b20039300d32e2d35f8,Greenwich
08f194e6d212015b03920cce46886f6a,Greenwich
08f194e6d28b20dd03b5f1bd78dff46d,Greenwich
08f194e6d28b0d8e03cd842e327cb47f,Greenwich
08f194ad25bae5550362367a06e34d2a,Newham
08f194e6d2da594103cd7db7657874bb,Greenwich
08f194e6d6699cc4030875c90cd684d9,Greenwich
08f194e6d6445d2303ba284ed63c38c1,Newham
08f194e6d29133840399bf5a93ddf531,Greenwich
08f194e6d62a80c803c2041f16f67dd1,Greenwich
08f194e6d62aeb3103355f2bd796b56d,Greenwich
08f194e6d601991b035fe24ee5d25300,Newham
08f194e6d6300cb603492f415fcdbaf1,Greenwich
08f194e6d6a8dca403b2af442f222a9c,Greenwich
08f194e6db83249003615098abc31407,Bexley
08f194e6db9108c6034675e69c9e67cd,Bexley
08f194e6d174e7980365a0ac286cb74a,Bexley
08f194e6dc4ed6d203b815fe9aca11de,Bexley
08f194e6dcc906c603c8db7d5cfe1530,Bexley
08f194e6dcc057900356cd0ed3358100,Bexley
08f194e6dc96992b03ac41072209279e,Bexley
08f194e6c308810c036d0d0fbcf982fc,Bexley
08f194e6f3459196034a60ecc3a8735d,Bexley
08f194e6c6d2cc4b03e220b3374b7b9a,Bexley
08f194e6c0ad9934036547476de7ccaa,Bexley
08f194ad246db97203e03a0476df6015,Tower Hamlets
08f194ad2468225503fd74bf736908cd,Tower Hamlets
08f194ad2098181a03a112fa4c2dbfde,Newham
08f194ad2466a01203a1a5af402e1031,Newham
08f194ad2428108c032d7ed06ff308f4,Newham
08f194ad242f3cee03dd4806524e3455,Newham
08f194ad2462e2330369f87f8e635bfe,Newham
08f194ad247a622d03519b32518b9f17,Newham
08f194ad25532711038497a69971cd95,Newham
08f194ad2552478903fad80c619a684b,Newham
08f194e69935552603ea2c9b8623d9fc,Newham
08f194e68a612b1c03cea3974b2cd2be,Newham
08f194e69d6cb4d603cbebadb42bcc2f,Newham
08f194e69d66589a032d0fe67023c42f,Newham
08f194e69d35d7650354790ca861d364,Newham
08f194e68a29e590034994b38afd6204,Newham
08f194e68a3b509303f22b706e37be94,Newham
08f194e68aaa8c1103efd86e82d154b0,Newham
08f194e68adac91203e3144965b836ce,Newham
08f194e68b190421030e85fc57a1b90d,Newham
08f194e68b501ba9032bcab6e0a5183e,Newham
08f194e68b141843034bced68baeba80,Newham
08f194e68b8e610803cc07b5af1eb1bd,Newham
08f194e6882c372003b2c19aefc32275,Newham
08f194e689db46c6031523ad294a9723,Barking and Dagenham
08f194e688a1026003f7e6fbfa9841ba,Barking and Dagenham
08f194e688a0416603ceface1ac87f74,Barking and Dagenham
08f194e68d5337b2033f6750b6eeff2b,Barking and Dagenham
08f194e68379d51203f19497ea76f0b9,Waltham Forest
08f194e6832014e903b3ccf54f9b1949,Redbridge
08f194e68ed2e92a03512afd56a9857b,Redbridge
08f194e68302e86b031c4a35bcb00ca4,Redbridge
08f194e68388495a031e00afa3fb48d4,Redbridge
08f194e6839a1d58035c87058677b908,Redbridge
08f194e680a8dc2603e7e12f1b032a47,Redbridge
08f194e68e388530034fb884923fceec,Newham
08f194e68e3256ab03c09477fee9e94c,Newham
08f194e688d1001903131ae2963da790,Newham
08f194e68eb70d2b03e07cf8b3afd24b,Newham
08f194e68c548c190353a41252f7a2c4,Redbridge
08f194e68c0a3c0103f93a9aa2b85413,Redbridge
08f194e68c84ad6003116c19dfa1a3ea,Redbridge
08f194e68c126b4a037aca6a09a61dc8,Redbridge
08f194e68c94015c03fcc5bb041b0e04,Redbridge
08f194e68d31002103f647de35f494d6,Barking and Dagenham
08f194e6f1443b9a03b91950a5e07df8,Bexley
08f194e6f0a4526a03f445578fd07c83,Havering
08f194e6f48903990382a91af0ae0851,Barking and Dagenham
08f194e6abca654603202eba3367b300,Redbridge
08f194e6abd85a1c033d59a02cd29f1d,Redbridge
08f194e6ab3727b103ad640b83ba5fc8,Barking and Dagenham
08f194e6a83aa63403dacabf379c9fbd,Redbridge
08f194e6a8023a11036b8474c0f6f203,Redbridge
08f194e6a91564cd03874e5397ee35ea,Barking and Dagenham
08f194e680435b6d03b953551a672a3b,Redbridge
08f194e68642073003f7b41111587145,Waltham Forest
08f194e686a42b2b03a5e7b7d84710dc,Redbridge
08f194e686d99954035fdca525d29797,Waltham Forest
08f194e6b12db9530301f1c22fe8d1ea,Redbridge
08f194e6b131510b0382c7ed3804aaf8,Redbridge
08f194e6ae4c84b30325de203da4e974,Redbridge
08f194e6f5add0ab03febc34533422a8,Havering
08f194e6e6c19604035f538ab905812a,Havering
08f194e61a96937503ed82f916342d68,Havering
08f194e619cd0005034ce273483a0979,Havering
08f194e619cd0005037fa0a6c04f4219,Havering
08f194e61d4928210371af154cb69338,Havering
08f194e61e668536031b29690645ec50,Havering
08f194e61e026cf2035e5ffe9231874a,Havering
08f194e61eb6db1a034486cd276c83b4,Havering
08f194e61d7a186303048c99e26bc73c,Havering
08f194e60ad2a170034c01463d041e88,Havering
08f194e6102e96db03170674a891a04d,Havering
08f194e610a898d60395222bff442b86,Havering
08f194e60668c2580337fc81a8b3781a,Havering
